Btc,Eth,Move
2.446896976,3.793018435,1
-1.870926662,-4.101016677,0
-0.702521556,-1.797093827,0
3.358686888,6.720514649,1
-0.64673597,2.041816686,1
1.561549782,-2.028124392,0
12.43808898,14.65069651,1
-1.672184694,0.604574914,1
-3.494996755,-1.626970773,0
0.161659021,1.357569647,1
-1.394592384,-3.796874088,0
-0.974482502,1.156426158,1
-3.440004438,-10.45939455,0
-0.236840872,-6.097159649,0
3.771864317,0.081566321,1
0.14861817,0.539200496,1
0.319554868,0.807545309,1
-4.314120216,-5.206078395,0
4.300116185,4.018604471,1
-2.562601625,-1.626707019,0
3.857010379,4.627323906,1
-0.453112906,-2.324011979,0
-0.843767392,-0.494738011,0
0.886792055,1.886500025,1
-5.313424341,-3.171338692,0
-4.102074637,-5.109184026,0
-0.236221404,-0.173504763,0
2.928984127,4.698741231,1
2.266127125,4.878489218,1
0.106170425,-1.361123697,0
1.478588316,1.738509971,1
-7.040795659,-8.392004118,0
2.622990892,3.970546197,1
-0.018884213,-0.712965158,0
1.711899718,0.832991161,1
-5.537059963,-4.865429659,0
1.729937267,4.761873161,1
-3.903644419,-8.434582103,0
-4.54719559,-2.200322386,0
-2.745418044,-3.632755992,0
-4.011647522,-8.157834854,0
2.749378948,4.307950527,1
1.971713142,-1.850468364,0
4.130842103,-1.000839237,0
1.463861702,-2.730452131,0
-5.273117078,-3.486071927,0
-0.031268418,-3.545208655,0
-1.472575571,0.077507566,1
-5.251384655,-2.826400038,0
-5.322633822,-1.88056614,0
-2.99217628,-0.09811214,0
-2.073051065,-2.943514128,0
-3.777193131,-4.686602848,0
-0.626433048,-1.690203437,0
-7.173125212,-10.21913941,0
3.39003635,1.666564103,1
3.176667533,4.305838332,1
-0.829454275,0.173036849,1
-0.353692171,-0.971650964,0
1.143133023,1.637966794,1
3.277520686,4.350715265,1
-0.36657948,-2.7202118,0
1.387742596,4.981237887,1
3.270433423,5.0542048,1
-2.10182829,-1.32077059,0
0.827821287,1.671402861,1
-2.723947357,-1.241911967,0
2.97456883,9.204115036,1
1.122009444,0.411202681,1
-1.428909844,-5.424402498,0
4.568778522,5.600887846,1
-1.754800104,-4.11806764,0
-2.225359872,-3.417171658,0
-0.958578991,-1.694387081,0
4.374820536,7.614460567,1
2.359932011,-5.002308149,0
-3.996455872,-3.753754449,0
0.625247936,-4.845503592,0
-7.109337933,-7.562320291,0
-1.704142262,-0.875773545,0
9.560278882,9.664574624,1
-2.71016697,0.064371423,1
-3.609906939,-5.76909546,0
-2.55023279,0.720019201,1
12.6958025,18.95258016,1
-0.230907354,-3.020887124,0
0.481161909,2.443424375,1
6.332592287,6.285258521,1
0.771440209,-0.18296796,0
5.369929272,10.27512396,1
-0.464754604,-2.797842922,0
-2.78633106,-1.162382924,0
-9.067862026,-5.418216466,0
5.011965397,-0.788626248,0
-1.692273078,5.00261283,1
1.750611673,5.533032304,1
-10.36946728,-3.482384876,0
0.263140363,2.892621075,1
6.85822797,4.819207338,1
-0.865586723,-3.112604002,0
3.776022475,2.190011328,1
6.272928609,6.210126516,1
-4.166389305,-5.219026804,0
-2.369276741,-2.682807858,0
1.76620257,3.092059297,1
-4.432343097,-11.95749461,0
-2.976781575,-4.635382022,0
3.124387026,6.159218429,1
7.673791047,13.08230471,1
2.230222622,5.562234834,1
-2.270004225,-6.302835185,0
0.790995937,-2.329095591,0
-10.16742116,-20.20018233,0
7.955144838,8.823083268,1
-0.617903099,5.876613335,1
9.323358537,14.55060849,1
-9.26936248,-11.62271171,0
15.96370402,37.36324918,1
1.463805134,-2.889585127,0
6.703529899,9.295332683,1
0.654661631,1.410727775,1
6.673069549,12.11999604,1
-0.329467229,-8.92141817,0
-1.137778257,1.903018721,1
15.36919337,10.11265634,1
-1.489774105,-5.191306642,0
4.247276217,-0.593326907,0
0.981345067,-0.666608974,0
-2.461372381,-10.70862107,0
-1.673553431,0.176484261,1
1.82192125,0.913809698,1
-7.123274742,-7.640272739,0
7.250128156,5.454215753,1
-0.995117332,-13.96145248,0
2.113627358,-0.209006592,0
-0.134657835,-5.861725998,0
-7.264167835,-0.588848302,0
2.370623457,-0.380865326,0
0.380157119,-3.040729979,0
-1.837747887,-4.821489596,0
-9.287925697,-8.617941353,0
2.135773938,-4.508950545,0
2.083440308,6.870950385,1
1.308616628,1.690225462,1
4.141665348,-1.613869542,0
4.761873844,-1.460619516,0
-1.325871837,-7.038850576,0
0.882775136,3.275335959,1
7.947230148,4.81641739,1
1.464920962,3.712754116,1
2.827904989,3.584366455,1
-0.322693192,-3.334894725,0
0.623929443,-5.581678035,0
-5.684745367,-6.952013535,0
0.520106957,0.855867436,1
-0.683863921,-1.006646089,0
-2.589322806,-2.988379823,0
0.135548116,0.794359373,1
-3.900644589,-5.625380045,0
3.824193642,7.473060454,1
1.487343012,-0.49518972,0
-0.50682483,-0.700700701,0
-1.965109424,-3.091079346,0
3.090798208,5.6600704,1
-0.48581856,-7.742986054,0
-0.299479777,-2.979851109,0
-0.001934865,-3.770408057,0
-1.981561056,-1.427387421,0
-3.115919945,-7.051789326,0
0.040678633,1.485786586,1
-1.493920964,-0.79522747,0
-6.226546054,-6.311808508,0
2.069659385,-0.122229465,0
3.722799713,5.349533391,1
-0.383255503,0.755368898,1
5.491136392,5.728627766,1
1.373736123,1.365044569,1
0.056607682,0.2752906,1
-0.835917743,-1.912390929,0
1.749030227,2.276679044,1
-3.509357511,-0.903781294,0
-1.580321416,-0.845061069,0
6.072777746,3.508399844,1
3.272654426,3.781489949,1
-6.386011285,-7.928029968,0
0.825070218,3.052310818,1
-3.107977286,-1.479583176,0
-2.114730697,3.828431999,1
-4.701580253,-1.783678167,0
-1.990237819,-6.081548784,0
-4.48048878,-3.970054841,0
0.030503525,-7.340730266,0
-0.748314336,0.563501536,1
4.071298117,2.201166086,1
-4.272507313,-5.282228639,0
2.588416997,4.830464756,1
-9.053712944,-9.500802066,0
2.327718006,3.101585396,1
0.327592721,-0.95481414,0
1.627306658,2.051824651,1
5.545267588,10.22430033,1
-1.772244546,-3.466168279,0
11.02499302,13.48809069,1
6.147915079,8.62013816,1
-2.50333942,-0.830233519,0
-0.376812493,2.116663975,1
-7.529917355,-1.158578892,0
0.9079176,-4.593150791,0
-5.655217616,-3.645737533,0
-2.550433568,-0.071866911,0
1.61065603,1.420954158,1
-3.308414733,0.500254836,1
0.847735043,1.621731869,1
0.851449905,-3.239979821,0
-6.243355939,-2.217737415,0
3.479482027,1.364491125,1
-0.612377934,-1.211511052,0
-15.78696723,-7.579782666,0
0.931974139,3.941197971,1
-2.856669165,2.431683404,1
-3.193792206,-7.208564862,0
1.478711782,4.147959568,1
-5.235363173,-8.773503682,0
-5.556445751,-9.645655,0
-1.260750009,-3.948021972,0
3.488395971,4.648704553,1
0.136768767,0.46507572,1
-2.477795596,-3.618754159,0
-9.064545914,-5.951264175,0
7.023072335,8.288447881,1
-0.62468817,-2.405936362,0
-0.237932003,5.07395746,1
-0.686727339,-11.54202686,0
2.925441348,0.448419565,1
-6.605089536,-9.295517222,0
15.31854913,23.24420232,1
1.468616157,-0.359553488,0
1.553293461,-8.714150875,0
-2.289921289,-2.156242046,0
1.0808778,0.273945877,1
1.789008501,-5.002675227,0
6.413947776,3.97839277,1
-4.774425816,-7.198489885,0
-9.093598625,-7.72149212,0
4.84539085,4.47754042,1
7.843806531,15.78681833,1
4.948608369,1.491780551,1
1.349064888,-4.440003747,0
-3.496699929,0.120895279,1
-6.468409267,-1.515077345,0
-7.690371265,-8.872430847,0
-5.944029303,-5.43449605,0
2.533817967,-6.22170097,0
-1.997283877,-20.60255661,0
-8.569417819,-5.701522213,0
-1.267883496,1.017292605,1
-0.554346432,1.873136351,1
-5.126426141,-2.674223677,0
-1.014639045,-0.153105862,0
-2.999910282,-6.538882804,0
0.627086562,-6.855736552,0
-6.70366274,-1.483077504,0
-3.765854078,-2.362669817,0
-2.083801154,-4.561730515,0
2.330717592,8.761199911,1
-4.120374906,-3.942663621,0
2.956705849,4.668590732,1
1.671955463,3.291607263,1
-3.066088028,-0.68102533,0
-1.438329049,-1.823429697,0
-6.553604535,-1.040645854,0
-8.885343444,-7.359552328,0
-0.877783889,-0.568413194,0
-0.541704942,0.622856265,1
-1.769476941,-3.576637384,0
-3.960718286,-4.004783932,0
1.141210151,2.543056064,1
1.581878775,2.465694683,1
-1.25461358,-3.252075051,0
4.751287311,6.670511688,1
0.799775736,1.701473371,1
-0.986760485,-0.88219169,0
-2.372635183,-4.567549447,0
3.987375246,8.318257662,1
-1.256389686,-2.977088097,0
-2.073267716,-1.843402691,0
4.376110195,4.685690935,1
-7.379862467,-6.356125171,0
-2.530933881,-6.518340975,0
-3.43740793,-3.853371235,0
0.24677936,0.253144988,1
9.221240981,10.00192753,1
2.003724085,5.819271408,1
-3.890312998,0.753435999,1
0.032018959,-8.28005588,0
1.481927055,-1.53744154,0
-0.112218334,-7.2339806,0
-4.318815379,-7.476360498,0
-0.073412662,1.664440345,1
-0.890810553,0.18353216,1
-5.266525402,-4.250978433,0
-4.549623088,-2.691655433,0
0.705395413,2.813030655,1
1.553820168,3.146799957,1
-0.254139495,-2.869603691,0
-3.532735246,0.422984317,1
-2.614044406,-2.868498358,0
0.270880066,-1.227539584,0
0.960389556,2.114103026,1
-4.172079715,-3.933414177,0
4.935569226,4.362993734,1
0.089747576,-8.939567206,0
-9.282117607,-2.88115536,0
-1.29767768,-3.615656239,0
-2.865959872,-1.145510836,0
1.377219569,3.445036016,1
0.319426721,-2.464930871,0
-1.701401714,-0.975193357,0
-0.801977187,1.021367745,1
-1.239704477,0.496470406,1
2.885401495,3.949569021,1
-4.240227563,-2.502475248,0
-0.337125485,3.13031557,1
0.590046788,1.536113436,1
-1.346652365,-0.652184454,0
0.265629616,0.976157357,1
-1.096723788,-5.215457863,0
-7.075576531,-5.877253372,0
-1.462697439,2.925719239,1
-2.203024347,-0.455335053,0
-1.090795725,-2.472171545,0
-0.316778334,-0.713007645,0
1.530013814,3.060918002,1
-0.572753331,0.540483256,1
-0.031584906,0.450616633,1
1.133039848,1.715679845,1
-1.481390454,-3.247104944,0
-0.771421394,-1.111585008,0
-2.052873669,-1.450252042,0
-1.344575334,-4.053721382,0
-2.260232748,-2.554380363,0
-0.605119332,-0.289634592,0
1.781617271,3.855407547,1
-1.146633016,-0.389874562,0
-1.127035928,-1.718758863,0
0.252622678,-0.080803417,0
0.411025739,2.013054529,1
1.554129451,1.905382067,1
0.557745429,-0.050008335,0
-1.24476239,-1.278630198,0
0.612718436,0.641964185,1
-0.227836518,-0.545546106,0
-0.53949875,-0.931109173,0
0.629867798,-0.800726901,0
-4.775805362,-8.083352416,0
2.85247492,7.280767314,1
-0.723065799,-0.786647315,0
4.549781787,8.560812195,1
1.426916688,3.905134079,1
-1.349876288,-0.306064222,0
0.040202511,1.212405037,1
0.236642832,-5.966274228,0
-1.621427075,-0.265164976,0
-1.075396292,3.40697292,1
-3.343182746,-3.101227238,0
1.146965834,5.911316574,1
-0.395128599,-3.223306989,0
-0.363141302,-1.761409127,0
-1.165573369,-4.615593589,0
-1.082075891,-3.847796987,0
2.349499384,4.463862559,1
-0.860306513,0.195650325,1
-1.077589771,-5.122254924,0
3.365334031,15.80266062,1
-2.535338824,-0.661961673,0
11.40747465,14.09754453,1
4.875140507,8.410599036,1
-2.419786007,-8.797819935,0
0.262738404,-1.535349821,0
-1.747340864,-6.64799253,0
0.30964111,-1.012702541,0
-1.898202296,-3.344532296,0
1.45680626,1.003580482,1
-1.063859419,-0.639118172,0
3.593656246,6.286458333,1
-0.932091111,-4.106434067,0
0.145565524,1.139557463,1
-0.764777436,-1.695129345,0
2.466079332,7.018220132,1
-1.0109973,-2.396503698,0
1.981157108,4.234118978,1
2.194687284,1.383151981,1
-2.950776864,0.991781715,1
-0.227868963,-0.101431568,0
-0.816049622,0.934579439,1
0.129749075,-1.979881116,0
-1.690492475,-8.797872837,0
-1.505404003,-2.721088435,0
4.09779388,4.077501446,1
-1.703722225,-1.204880143,0
0.670706953,0.733790141,1
-1.298105759,-3.675220183,0
1.536874206,4.071038971,1
-0.278019011,1.678651003,1
-4.606529997,-2.915909261,0
0.361060121,-0.918231251,0
-1.713800477,-4.046078178,0
6.386872705,3.919928778,1
-3.708632699,-10.2933541,0
-1.874513731,-3.171755173,0
-0.09665914,-4.901521265,0
-1.690468962,-0.480844778,0
0.715213849,1.531611192,1
-9.878198905,-3.691953594,0
-2.302433981,-1.802092753,0
-1.448986319,-8.169440242,0
0.463253744,-1.622376621,0
-0.581459065,-4.550584295,0
-1.579677828,-6.548686067,0
-2.247066366,-3.620112644,0
0.235589897,0.990895617,1
-0.291536303,-1.262107426,0
-0.083524037,-1.150840836,0
-0.209367102,0.373759505,1
0.663693315,2.045882554,1
0.54792643,0.750775942,1
0.004327501,-0.253944465,0
0.355813367,1.055926544,1
-0.389694389,-1.102713418,0
0.416218,0.634761547,1
-0.009052885,0.846543282,1
1.62061313,1.501933997,1
-1.867244782,-3.076985446,0
1.331455598,1.016396185,1
-3.216158763,-5.734752184,0
0.645254432,0.619344637,1
-0.494826712,-1.606495831,0
0.397367755,1.774701628,1
1.150008604,0.749814726,1
-0.978942019,-2.076933062,0
0.578464192,0.830718925,1
-0.514315868,-1.244576888,0
-1.073868222,-1.060572443,0
1.299335905,3.009508432,1
1.11198177,1.423781948,1
0.526724239,1.214905126,1
3.393421026,3.550069983,1
0.197930145,-0.659457688,0
-3.576536577,-5.582814497,0
0.308589228,0.122276082,1
-0.474907687,-0.929035635,0
1.333115131,2.183675266,1
0.726956684,0.400689358,1
0.609265991,0.596489722,1
-0.915493991,-1.915365583,0
-0.676246204,1.817944592,1
0.942707784,2.050318226,1
0.058679005,-0.594366079,0
-1.677699444,-2.437997389,0
5.882031114,6.793267156,1
-0.753691202,-1.022470094,0
-0.247149259,0.571638561,1
-0.129355912,-0.462831391,0
-1.077688457,-1.321531998,0
0.122751117,-0.293473319,0
1.397854024,1.330735428,1
-1.468475528,-0.102278771,0
-1.314317905,-2.850356295,0
6.689227476,4.118539752,1
-6.945915669,-6.482043807,0
2.529843379,4.922504113,1
-2.693597487,-8.941613369,0
0.917776233,-0.380641653,0
-3.618927643,-4.994541485,0
-3.768317681,-3.332375754,0
0.813577739,1.693907875,1
-1.308643944,-1.436781609,0
4.765669704,3.122992538,1
-0.290033216,-0.72835306,0
-1.097948507,-3.518849254,0
4.858309403,5.113067841,1
2.163818469,1.59447882,1
-0.025387911,0.505973296,1
-0.573994738,-3.435416958,0
-3.037306349,-3.128016992,0
-0.520528399,-2.521427148,0
4.347248129,3.747060628,1
-4.764160054,-1.852673072,0
-5.021688265,-4.960088358,0
-2.302009886,-1.795995985,0
1.797647004,1.44693669,1
9.564057498,12.19512195,1
2.593001803,0.656899811,1
1.105899111,-0.328653927,0
-6.860861456,-3.87677234,0
-2.866510731,1.328040772,1
-1.004324081,0.677080814,1
-0.170319714,1.325839458,1
1.02422374,2.086000095,1
-1.377633892,-0.515487856,0
-2.326287089,-3.09028102,0
1.645656605,4.513487476,1
-11.29389254,-8.549569065,0
-0.146790213,-0.604777744,0
-1.48455539,0.050704797,1
-1.431404438,-0.912223799,0
-0.251521148,-3.211947627,0
-1.604841807,-2.224688227,0
-4.206215039,-1.313300546,0
-3.328410993,-5.399780942,0
0.023836101,-0.254718073,0
4.467622596,5.403366222,1
0.949172534,2.918341501,1
-2.22495956,-8.169707346,0
0.290578875,0.302959683,1
-6.669992131,-10.9607342,0
3.015909101,2.811664166,1
0.038144343,-0.837563452,0
1.841479378,3.109802918,1
-1.606778854,-1.812088867,0
0.093452766,0.120085956,1
6.359342159,7.82778865,1
0.438367645,1.071365845,1
-2.150093399,-4.36746988,0
1.328937449,2.447001817,1
-6.609798426,-15.12947854,0
1.124996871,1.163357715,1
-1.953249567,-2.155350503,0
0.894497423,-0.042226758,0
-2.750227419,-4.506090263,0
-2.544961388,-1.504092015,0
-0.136674826,-0.516505726,0
-7.897552661,-5.507900677,0
5.406076285,4.30801083,1
3.646316437,2.252080311,1
3.812173483,3.299985068,1
-0.526767156,-1.56114484,0
0.804363379,1.87958884,1
-4.729019422,-2.774574805,0
-9.1339103,-8.59091246,0
6.085845375,7.703535517,1
0.221662811,-0.060231893,0
-0.122443449,2.90040681,1
-15.38880248,-15.92356688,0
-0.24453845,-0.78369906,0
-4.040661126,-2.922590837,0
7.534779279,13.19952988,1
-3.559513455,-1.517450683,0
6.986810554,8.020436299,1
-10.65691778,-15.65315315,0
59.15840339,73.44904317,1
-0.021487898,3.027659465,1
0.175859353,0.607660507,1
2.328222887,-0.643596218,0
9.889222162,18.51611939,1
2.386096443,2.388059701,1
-0.480019293,-5.855541412,0
-3.56337209,-2.071793082,0
0.371662717,-0.017815785,0
0.931747345,2.712936565,1
-3.463713983,-5.031010105,0
0.432820046,0.401881536,1
0.848304148,3.143052081,1
1.291790334,-0.004409949,0
0.410154716,-0.471885336,0
5.908835307,9.810350939,1
3.301965058,7.021225083,1
2.842955098,3.216197873,1
-2.633275967,-4.171689498,0
0.24070751,1.246521557,1
-0.804836452,-2.880271084,0
0.259250162,0.701686373,1
5.279657525,8.538651063,1
-4.455334254,-5.525998439,0
2.521016208,-2.4290434,0
-0.453070785,1.862326369,1
4.27426482,7.362218109,1
-0.947816744,-5.671662796,0
1.093262636,-1.003356956,0
-1.140900925,-11.1374854,0
-3.444570269,-5.227899088,0
2.638432483,2.263779528,1
-2.48649012,-2.375535917,0
-0.701258576,-0.188214206,0
-0.675177676,-4.664840839,0
-1.196119139,-3.819346331,0
-4.498503134,-7.334867551,0
1.22601558,0.327608983,1
0.547155437,-0.658345184,0
0.519136122,-2.624324038,0
-0.450873428,-1.911036097,0
1.694663297,2.514431616,1
-2.022927777,-5.219557096,0
0.450377443,0.754070266,1
-4.795273647,-3.084424789,0
-3.51286558,-1.667349207,0
-2.663539933,-4.045692527,0
0.92711987,1.097470238,1
-0.460722545,-0.073597056,0
3.263657257,3.289756337,1
0.74888721,0.837839444,1
-1.009045392,-1.520329994,0
0.561469407,-0.089755864,0
2.7171285,5.030843864,1
-0.153978447,-2.617323373,0
-2.298679365,-3.741655932,0
0.953943183,1.119289494,1
0.235607772,-0.162425555,0
-7.743413958,-13.09351651,0
0.59306082,1.137072731,1
-1.891366361,-2.015493247,0
1.605093101,0.720632477,1
-3.520213554,-3.459294248,0
2.548397209,1.640523816,1
1.037517977,1.614045023,1
-4.832006115,0.529469138,1
-4.606640049,-5.557865558,0
-0.008905296,-0.887877898,0
-0.887640237,-0.666321167,0
-4.893340667,-5.03838414,0
3.073522612,2.660701672,1
-0.091247846,-0.909785933,0
1.381783808,2.330067124,1
1.777732072,1.6059715,1
-1.410008555,-4.778866132,0
-0.381252229,-0.865024938,0
-0.701225911,-0.668186463,0
0.499933002,0.071225071,1
0.6511197,2.06405694,1
0.452029558,-0.348675035,0
2.120280656,2.923567374,1
-4.265807905,-3.203142706,0
0.384638918,0.733629907,1
-0.221365819,0.193693345,1
1.0268172,2.915248995,1
-8.743953386,-7.881884439,0
4.396643636,8.980424144,1
3.17087103,7.110246239,1
-0.386309299,-0.167703165,0
2.035322338,1.448869602,1
-0.365215525,0.455360839,1
-0.35481898,-1.366758242,0
0.840881034,1.852238702,1
1.686974109,1.339987694,1
2.208515181,2.044120623,1
-0.107213442,-1.646172154,0
-0.12228304,0.282314983,1
-1.307671923,0.040217173,1
-2.635228663,-1.675041876,0
0.939323196,0.824531516,1
0.025136097,0.743444174,1
1.397161154,1.428954783,1
1.957628272,0.892916198,1
2.531299416,1.809361479,1
-3.841267632,-2.305215712,0
0.918517883,0.850250461,1
-4.15964077,-2.640350304,0
-1.000779954,-1.671477479,0
-1.374310291,-2.491807755,0
4.964301524,7.414408738,1
-1.368244613,-2.053187329,0
4.744277456,7.446596127,1
5.031173334,8.819521863,1
2.228403928,1.001707456,1
1.256862231,1.746872535,1
3.23360961,2.525476296,1
-0.317324125,-0.95613656,0
-0.687307327,-1.543496046,0
2.544868753,3.035674717,1
1.150193498,1.215053763,1
0.084012052,-0.754276001,0
-0.656445462,-0.722543353,0
3.399716138,2.151059356,1
-2.671848031,-2.348532827,0
-0.098711307,-0.443171378,0
5.25481324,2.046577276,1
1.006953287,1.920417066,1
-0.196028579,-1.195260713,0
0.750118009,-1.553090333,0
-1.883218363,-2.108821636,0
0.967694781,0.822233185,1
-0.682272497,0.021747404,1
-0.66428394,0,0
0.066850878,0.391368158,1
2.411106995,3.059180248,1
-1.819533735,-4.034884943,0
3.19312025,0.864995073,1
-3.211362154,-2.388189318,0
-6.319869075,0.934163701,1
-13.47708615,-10.65998237,0
0.282645336,0.141826478,1
7.499065162,6.096059113,1
2.048971305,1.520603598,1
-0.262502851,0.348730848,1
-2.840157235,-1.492622344,0
-0.192149774,0.410618241,1
1.639239403,2.54002995,1
-0.695713551,-1.134640229,0
1.961347146,3.0680075,1
2.06352669,3.059368282,1
-0.64097895,-2.610183997,0
0.186876353,-0.686511424,0
-0.17753126,0.962229719,1
3.180937686,4.978912198,1
0.107960547,0.850464364,1
-4.269091434,-5.830617207,0
0.204647591,-0.455993847,0
-3.122384975,-4.487002594,0
2.044776269,1.901074772,1
0.667852542,0.362914658,1
0.658669208,-1.011356574,0
1.610776768,3.144977169,1
-0.592872189,-1.86486636,0
-0.592213134,1.426638096,1
-2.286990271,-5.209317841,0
1.748848435,2.387096774,1
0.071914353,0.080197056,1
-1.610305568,-4.567569115,0
4.532840988,2.49505188,1
1.573938463,-1.626777459,0
12.86167852,20.11183154,1
3.505589291,4.769215531,1
-0.503158269,1.876624911,1
1.616013222,1.173904974,1
0.83257707,1.481311626,1
-0.663912702,-4.46945047,0
0.42183708,-1.315104783,0
0.346831985,-5.512679162,0
0.690098757,-3.713662422,0
0.099925491,-0.885188893,0
0.024135817,-3.721226942,0
0.478546023,-0.049693556,0
-2.226293043,-1.265053585,0
-0.612966516,0.593073351,1
2.164792734,0.756438067,1
1.028643528,0.115926028,1
0.727592786,-1.709307455,0
-1.558867575,-4.656120274,0
2.146465378,2.506472111,1
0.179281795,1.015956836,1
0.274199136,1.994431502,1
-2.605346241,-0.640668524,0
-5.690573668,-3.767872161,0
-1.3046771,0.489424926,1
-0.337360056,-2.110511973,0
-0.91652888,0.408695137,1
2.567979643,2.577866918,1
4.419329904,7.838288573,1
1.819449217,0.751919795,1
-2.239938597,-1.106229821,0
0.211470708,2.381716977,1
2.441052918,1.787861362,1
-2.660557246,-1.73591495,0
0.068995742,-2.32059792,0
6.166669133,5.179517363,1
1.419834009,3.31688457,1
-5.223867608,-4.234575804,0
-1.102571959,-4.524654224,0
1.393702342,-0.13463299,0
-0.605243322,1.650129422,1
-2.51998972,-1.00265252,0
8.397882945,11.84288087,1
4.467672495,1.236165014,1
1.238379213,2.271759194,1
-1.471417737,-4.33152853,0
4.482289092,1.818797465,1
0.872212116,4.964606395,1
-0.204238364,2.46673305,1
-3.883781319,-0.163434781,0
2.853068041,3.627997522,1
-7.076865738,-4.931261207,0
-1.353213894,-0.080837113,0
-2.805096782,-2.07649782,0
-1.126621836,-0.027539358,0
-3.019711202,0.385657224,1
-4.741498548,-3.71827121,0
-0.918769035,0.356260688,1
0.354128257,-0.037866238,0
-0.786989446,-1.789857474,0
4.142574976,5.891712068,1
0.420858535,-0.004553112,0
-1.007986408,-1.170203078,0
0.905428392,-1.99032481,0
4.467733318,2.270483712,1
2.475077612,3.709321566,1
1.585321786,1.546780127,1
-2.195661986,-3.399965084,0
1.289084422,2.367505535,1
-9.119034583,-6.660193318,0
-2.229878892,-5.811424248,0
14.95572738,15.35719665,1
-5.865302627,-0.957437549,0
11.07949836,18.40232006,1
3.718362625,2.530987902,1
-3.870433201,-2.743593456,0
7.024156018,7.927056197,1
3.432728637,6.510344828,1
-2.289282246,1.414788915,1
-6.797271031,-2.410215483,0
-2.116000122,-5.937193327,0
-2.052807901,0.156494523,1
2.158590549,-1.208333333,0
6.650028889,6.53029664,1
-9.694539125,-3.794127351,0
-2.023296376,0.699588477,1
2.211349572,-1.001225991,0
10.55924106,10.0997592,1
3.745682256,-2.758857714,0
-9.869327244,-5.449346143,0
16.3949848,14.4357223,1
-9.413708885,-5.529324425,0
-6.61373328,-2.423537548,0
-1.414300115,-0.834353457,0
-1.415704854,0.503524673,1
-5.206000174,-4.677096128,0
-6.086020488,-7.870197687,0
-2.662283409,-0.835480309,0
-2.067823221,-1.625654159,0
2.627133948,3.50877193,1
-3.496220635,-1.869874248,0
-1.73561814,-0.074288686,0
-1.63548071,-1.832577504,0
-5.324580766,-2.998977621,0
-1.033420322,1.846430105,1
-2.678047499,-5.795323879,0
0.916027453,0.707950199,1
-3.902964003,-5.829831933,0
3.460551919,5.427088249,1
1.129224692,2.11198828,1
-2.75896792,-0.581835572,0
0.028253571,-0.97005652,0
-1.488453177,-2.311273022,0
6.502788744,4.669760504,1
6.504697898,6.97517913,1
-2.046675268,-1.791066869,0
0.122372437,1.024906741,1
-2.974284215,-4.569020178,0
4.087039198,5.315406863,1
0.698309023,0.857270096,1
0.984178827,0.401074438,1
-1.505374879,-2.121967309,0
-7.156281058,-5.732579474,0
-0.809309858,-0.905624404,0
-1.321085664,-1.406926407,0
-2.560058869,-0.516323129,0
3.688247633,4.299141806,1
0.18811226,-1.316511245,0
2.749705138,3.744143572,1
-11.30172036,-10.21470397,0
0.999696062,3.904518329,1
7.36679421,8.307351493,1
4.061682378,-6.386121738,0
-2.568502542,-12.1383775,0
-2.245316108,-9.348376698,0
-10.78130038,-4.836169672,0
3.333156445,3.720706774,1
-11.46351653,-10.89037571,0
-3.203085196,-1.646066767,0
-3.110682109,0.387574138,1
-2.556807735,-0.672711319,0
-1.418474998,1.67844523,1
0.850906851,-5.328699681,0
0.611831855,0.354848578,1
-1.078342768,2.389806743,1
-4.559583516,-3.471271212,0
-1.863302139,-0.801875154,0
-0.961926444,0.83944783,1
-1.93207282,-4.297958932,0
0.72017304,1.353092784,1
-0.318818423,0.718372537,1
0.209935292,-1.312882661,0
-1.303758985,-1.208826351,0
4.881470563,7.361129095,1
1.966926935,3.389012844,1
-3.104429721,0.244969379,1
-1.571294429,-1.058939896,0
0.439549687,2.175830638,1
-0.63845452,-0.023021583,0
-0.102190689,0.05756721,1
-0.876681407,-3.946838502,0
-0.311884751,0.40131776,1
-3.217420868,-3.609354492,0
1.985549949,3.880670917,1
-1.376429063,-1.984032412,0
-0.138327784,0.13980913,1
-0.492185934,0.46133301,1
5.134969168,7.15407855,1
-2.2460114,-0.693582948,0
1.629407335,2.356481744,1
-1.717844065,-3.178741817,0
-2.675181288,-4.916060276,0
-0.457328522,-0.265140102,0
-2.261013207,-4.507280527,0
1.020151134,2.157545081,1
-1.872906202,1.548371114,1
-14.7892981,-13.49719444,0
-1.269305321,-0.225622224,0
0.030691285,0.409865027,1
-0.201867211,0.288549511,1
-0.713942372,-2.161403509,0
0.441374158,1.126093817,1
-2.495430712,-3.92226399,0
-0.552310117,-0.317436882,0
1.491268133,1.45152929,1
0.339617669,0.912475363,1
-0.29386768,-0.766782407,0
0.133201788,-0.393643388,0
1.443167971,2.963992974,1
-0.39853406,-0.120833037,0
-0.95009076,-0.818388841,0
-0.18053272,0.452034154,1
0.583817571,1.714285714,1
-2.169075241,-3.30758427,0
-0.922515281,-2.890551238,0
-0.449753718,-0.336549248,0
0.062456485,0.885487018,1
-0.100533107,-0.453734008,0
1.187382049,2.189344691,1
0.296335662,0.884761626,1
-1.568890649,-2.058418497,0
0.265307744,2.146081551,1
-0.19276591,0.550604941,1
-0.193650517,-0.698897615,0
-3.460134792,-7.292120157,0
2.276183286,3.506300384,1
0.448120441,1.482041588,1
-0.125245186,1.661575143,1
-0.124106768,0.227206098,1
-0.097022146,-0.453382084,0
0.085950585,1.439800191,1
0.735271225,1.252806141,1
-1.861333608,-2.839364898,0
8.715551788,16.89363268,1
-3.307157703,-6.114609572,0
-1.283475595,-1.98537796,0
1.155756527,2.340381852,1
-1.318309324,-2.808425276,0
-0.795016075,0.515995872,1
-6.176912999,-8.55578371,0
-1.199017921,-7.739520958,0
-0.247397232,-0.941100114,0
-0.10853925,-0.581490581,0
0.419975227,0.95559766,1
0.590847643,0.016319869,1
-0.139591026,-1.036142612,0
1.144601925,2.893652102,1
-0.514607649,-4.310552039,0
-0.120396601,-0.133969689,0
-7.290047399,-12.35012996,0
0.420653808,0.363497226,1
1.540525577,2.401829966,1
-0.207999169,0.353685778,1
0.140496943,-0.306065665,0
1.646935199,2.735138152,1
-0.940341829,-2.553653898,0
-0.864691294,-0.511104916,0
0.821044656,1.728002989,1
-1.091739382,-3.039206684,0
0.647599271,0.9375,1
3.271045542,6.398348813,1
0.515908336,2.715809893,1
-0.074671197,-0.094428706,0
0.030557508,0.842069084,1
-0.437394296,0.076687117,1
0.542799125,1.10685398,1
-0.792047895,-1.338947368,0
0.698540001,1.971662684,1
3.54233951,4.227002595,1
-1.896973907,-2.818824285,0
0.56645452,2.2560119,1
-0.640196164,-0.153547761,0
-0.665661653,-1.230271145,0
2.075919662,5.769073179,1
-4.131082959,-9.42899202,0
3.049578519,7.758768178,1
0.712042171,1.254266889,1
-0.229160621,0.846726774,1
9.687082078,17.23548161,1
-0.110276807,-0.291777188,0
-0.138928514,0.891194467,1
1.276442457,3.988134476,1
-5.677238307,-1.337559429,0
0.325861661,-0.681058854,0
-0.543844551,-3.519213352,0
2.780224878,3.962719592,1
-2.533086846,-9.177684618,0
-2.62311631,-5.290441699,0
3.29307719,4.866161806,1
-1.177976953,-1.315601316,0
2.709395065,-0.26807709,0
-6.857683133,-15.30693789,0
5.539792548,13.1154572,1
-1.083918803,-1.539394859,0
6.895837756,8.009858287,1
-1.95214044,-6.752709641,0
0.380096925,-10.71346639,0
-2.930610984,-6.217882837,0
6.1054166,6.136986301,1
-9.396435793,-12.86353468,0
-1.331838385,-0.157993483,0
-4.063786843,-5.914350707,0
-8.263721636,-10.37527594,0
-0.494337256,-0.961764016,0
0.17671993,-0.153955471,0
2.19585009,2.645000593,1
5.22892977,4.679916801,1
-1.788382397,-1.810354344,0
2.279688955,3.080382237,1
3.185293463,3.762678591,1
-3.821560886,-3.132226193,0
-1.615886724,1.226128472,1
2.957946631,-1.640047165,0
6.614126267,11.68265039,1
5.404915836,7.542935207,1
-1.586094129,-1.161419109,0
6.310780585,6.848434775,1
1.806574104,1.933155769,1
-4.683640712,-4.610586649,0
6.511387086,3.86144738,1
-0.500835505,4.168793602,1
-10.25738593,-10.15191114,0
-1.088538286,-1.527133897,0
6.108284182,7.49561525,1
-3.22221862,-2.541863461,0
12.01697606,8.643933386,1
0.433161342,2.765612328,1
5.410747743,7.884144898,1
-3.265850675,-4.652523775,0
9.425702008,14.45450361,1
15.43778187,18.69553559,1
-1.23071944,-1.733777602,0
0.382044279,0.67816092,1
1.299961439,3.213837196,1
1.599141648,0.326309386,1
10.82436589,14.01874311,1
0.18523498,1.735724992,1
0.627818316,0.437220797,1
-0.031974944,0.56307372,1
-0.368219534,-1.157483649,0
1.066458699,1.028228686,1
1.184123265,2.332375253,1
-1.058629677,0.584768395,1
-0.639992818,-4.284733349,0
-0.678073294,-0.765220718,0
-0.233213564,-3.518241843,0
0.427273842,0.219791198,1
-0.166863898,-0.877236704,0
-0.943431727,-0.749233167,0
0.26370732,0.09119465,1
-0.025890908,-0.156914355,0
2.428059116,4.116603295,1
-0.092655545,-0.564834202,0
-0.086877621,-0.430928946,0
0.023784702,-0.300004918,0
0.301870361,0.5574191,1
-0.309428804,0.240372823,1
0.176350502,-0.146814133,0
-0.074146468,0.539109978,1
0.105517289,0.141366871,1
-0.366455598,-0.827532493,0
0.174776232,-0.186521376,0
1.045592593,1.834275879,1
0.789679162,1.468031679,1
0.006518994,-0.19988578,0
-4.632883299,-6.666666667,0
-0.078525751,2.105048028,1
-0.181514765,-1.556244996,0
-0.29229048,-3.675087684,0
5.263385036,19.13984169,1
0.86720431,0.978872304,1
0.144370311,0.557066409,1
-0.740804212,-1.365321701,0
-0.22171908,-0.442243057,0
0.518645905,1.101634684,1
-0.691432817,-2.363796134,0
-1.126706596,-0.778507785,0
0.822902874,3.034151209,1
0.511279572,1.58024474,1
0.545403225,0.901330329,1
-0.356196306,-0.523942452,0
0.638749705,-3.98480335,0
0.490959689,2.738309353,1
-2.722132774,-5.531970765,0
-0.747190146,1.227704424,1
2.310411745,4.681922197,1
1.746972516,6.820268439,1
0.169134642,-1.575737732,0
0.192949101,2.53659348,1
-3.196460256,-8.917998216,0
-1.857916122,-6.509639788,0
-0.425722118,0,0
-1.414154097,-5.757965424,0
3.756925428,11.47665252,1
0.399252437,1.124257673,1
-0.465979949,-5.074640247,0
0.07063112,-0.188902007,0
-2.539544689,-13.25762952,0
-0.481753204,0.949108166,1
0.134468139,6.489436429,1
-0.455629809,-0.081185305,0
-1.188409201,0.523055048,1
3.872322108,9.724677949,1
0.960249387,5.994475138,1
4.038185558,0.916514638,1
8.373976678,22.98024362,1
-1.380123505,1.23897522,1
0.174378724,1.766576782,1
-1.092713593,0.329517274,1
-2.164112189,-4.178235254,0
-0.843329667,0.392226148,1
0.987786301,1.830277005,1
0.697018373,2.485223463,1
-2.982407684,-3.676222597,0
-2.576460062,-3.641456583,0
0.83387255,1.617005814,1
-0.639195409,1.187198284,1
-2.754183061,-2.074424851,0
-2.420396396,-2.07867196,0
1.757175722,3.906537923,1
-2.777572294,-2.706249557,0
3.131315853,9.667893989,1
-1.265126259,-1.668716551,0
2.442027722,6.734052263,1
-3.736724295,-8.766984449,0
-0.413750862,-1.975351501,0
-1.724810257,-1.214761298,0
1.578460928,2.713942566,1
0.398884014,11.54275742,1
-0.426400788,0.794818037,1
-1.763417427,3.747167117,1
6.201099162,9.399126219,1
-3.995444739,-2.456303509,0
7.093786673,6.617873868,1
2.942047528,6.956681834,1
1.678414224,0.949195888,1
-0.504068767,-0.796550716,0
5.709491885,2.703499079,1
1.785755119,-1.348443552,0
0.763299261,1.970335902,1
2.039761781,3.118241236,1
5.141611528,5.349528661,1
0.464275935,2.098100989,1
-0.320132969,0.049285362,1
-0.331292762,0.593274791,1
-2.613958832,-1.198713991,0
2.890117436,1.82096371,1
2.968688695,1.456115473,1
-8.465540634,-5.949475353,0
-3.794784408,1.954086725,1
0.010783866,0.604794848,1
-0.878251153,-2.538707724,0
1.532880164,4.197914355,1
-1.286752397,2.318896129,1
-0.674826816,4.264219267,1
-7.912673609,-4.05988024,0
-5.66781622,-6.409936338,0
-1.313281884,-3.058797377,0
-0.60658496,-0.472379555,0
-0.148123212,-0.912379329,0
2.663430093,3.824958728,1
-1.01271207,-2.709845024,0
6.505580613,9.72791308,1
0.47658249,2.609717211,1
1.226032938,0.519299967,1
-2.675103873,-3.589879185,0
-0.514872256,0.084386405,1
-0.626436557,-1.49448789,0
-1.030079348,-0.667636737,0
1.295487159,2.401981904,1
-3.452582179,-4.508257074,0
0.284693274,0.277581953,1
-2.899750156,-4.211520717,0
-5.063441777,-3.130662141,0
4.29732495,4.735296903,1
-1.030675006,-2.167917533,0
2.551992477,6.36365737,1
-1.215359455,-0.573526536,0
-0.174138984,3.681692049,1
-1.278543703,-1.833431678,0
10.61937738,13.21325834,1
0.69556922,1.687619698,1
-0.09754226,0.315139762,1
-0.51876383,-3.544873225,0
-3.497495108,-3.553739714,0
0.783011015,-0.161854331,0
-1.428667391,-1.729245056,0
3.388326328,5.853360489,1
-4.875399792,-8.129064532,0
3.660845053,4.052440889,1
4.930754319,7.334353112,1
-1.750418421,-1.275127513,0
10.99259949,13.50098769,1
1.233938486,0.589062186,1
0.699286025,0.683769215,1
-0.315957824,0.318908112,1
-0.264176285,0.359072342,1
-1.562663746,-2.678483506,0
2.738449951,4.275017707,1
-0.994786438,-4.288971908,0
-1.334475924,-1.988813977,0
-0.626935138,-0.412040549,0
-1.169575817,-3.12646066,0
0.892051868,1.036473132,1
-4.504462308,-8.7284883,0
3.254348731,10.97395551,1
-0.167475998,2.551207502,1
1.689260836,-0.093652091,0
1.433128257,2.561655276,1
-0.38906916,-3.019476203,0
6.403433794,10.99230624,1
4.690628194,7.94763331,1
1.119611735,2.309716541,1
-3.125363404,-2.633602192,0
0.045955102,-0.310108682,0
-1.898564654,-3.126575169,0
3.391390506,5.112538281,1
1.691395332,0.257407538,1
2.425391111,3.058388703,1
0.082025608,0.403805352,1
-2.510906769,-6.468984322,0
-0.745453498,-0.941622331,0
7.136773247,7.017466414,1
3.10970661,3.437465625,1
-0.968989339,0.077098953,1
1.496401662,0.114231066,1
3.006398158,5.119938439,1
2.106206239,3.005136878,1
-1.596547019,-3.73719551,0
0.444295086,-0.773911051,0
-5.212923831,-11.85186135,0
-1.265818673,-1.970457688,0
1.33282012,-0.547794718,0
1.932027855,2.830188679,1
-0.749542418,-0.75484845,0
-3.866190012,-5.360695062,0
3.276492286,2.438835912,1
-4.695033459,-7.149861951,0
9.629041776,15.06938351,1
-7.905336427,-9.2648554,0
-1.437932208,-3.219982881,0
1.057886091,-2.646898016,0
-0.559266512,1.704658077,1
-6.234802161,-7.768141363,0
-1.578069785,-7.589497966,0
-3.201231837,-4.173097811,0
1.981501097,1.642506314,1
3.355888751,4.020346278,1
-4.116526256,-5.683656197,0
-1.130444364,-1.744835288,0
-0.084980167,0.04261969,1
-11.67322623,-12.65874143,0
-1.91667432,-3.785943234,0
-0.936828799,-3.792487447,0
3.733570826,0.496825835,1
-1.600764289,-3.79516117,0
-3.975783849,-3.898159923,0
2.639263929,3.494558319,1
0.622039002,-0.701928346,0
8.787336734,9.552215273,1
-4.993354444,-7.308882439,0
-3.381941896,-1.762331142,0
1.889182567,4.438766102,1
-1.190358398,-0.459062705,0
3.993602805,-2.196938982,0
11.00771732,15.62556675,1
-1.526686848,0.860446357,1
4.804775668,8.848751444,1
3.488440081,7.008878457,1
2.02853652,0.410078392,1
2.43997545,2.503609148,1
-1.702212482,0.014825247,1
2.300632299,4.08189735,1
-0.177057949,-0.8117779,0
-3.172950602,-0.078970512,0
-4.715403822,-3.249330914,0
-3.73068991,2.625129957,1
5.32368812,8.844386555,1
-0.449609335,1.600545149,1
-0.374057628,0.489121544,1
11.18574671,12.45991307,1
0.111692959,1.302780713,1
4.057633143,3.35938728,1
-7.43979045,-5.039124063,0
5.31863298,6.118883664,1
0.615364844,-3.336442957,0
6.073011098,6.84501845,1
8.171434248,8.517195117,1
7.359994063,4.495991187,1
-0.524483077,1.522818855,1
-0.198912496,-1.091521669,0
-3.510100351,-0.043162782,0
-1.221316207,1.791445411,1
-5.050680303,-1.949094244,0
3.151597919,2.697614593,1
-3.346199746,-1.019048812,0
-6.771393018,-2.819445084,0
1.534859225,-0.507806489,0
4.973265247,2.816113834,1
-2.874450301,-5.941980352,0
6.850574713,4.567934649,1
6.67234154,5.341364989,1
-1.564404535,5.415638228,1
-5.999839648,-2.112601445,0
5.315680737,5.43228851,1
-7.908069146,-3.069468541,0
-0.659572597,-0.76571949,0
-6.607747088,-1.432261094,0
-9.440283613,-8.478063147,0
3.817726972,2.7742943,1
-8.923920386,-6.221869208,0
6.050821836,5.615839737,1
1.334740602,2.725444846,1
-5.395342555,-7.472902948,0
-7.794845861,-7.427153006,0
1.741172766,4.761778964,1
-10.30087697,-11.99944523,0
19.00343193,19.59022853,1
10.84812028,15.49575885,1
-3.751099466,-5.004045559,0
3.847804547,13.21387233,1
11.45581394,7.862730158,1
-1.123166782,-4.218865967,0
11.775823,10.38436044,1
4.336779859,5.383301194,1
-2.932217914,-11.15079333,0
-2.353876948,-4.688050439,0
0.7877258,0.081503454,1
0.888146793,0.260409269,1
-4.322411395,-6.852226147,0
0.57966214,1.726777729,1
6.117240244,4.616948747,1
11.19904139,10.05830904,1
-10.01457455,-10.04631433,0
-1.141513173,-0.271388702,0
-2.49501085,-2.125873316,0
2.69828218,3.888587626,1
20.27152865,22.60911653,1
-0.345880548,5.793702396,1
4.270984606,2.169348171,1
-2.643417223,-8.823992782,0
-4.111411527,-9.289192586,0
11.69270017,8.735594365,1
-2.523825743,3.497316494,1
3.937541965,-11.63386523,0
8.618928023,0.403994671,1
6.368645919,-9.668132192,0
-0.556284589,-4.220105983,0
-10.50116182,-1.683839153,0
-2.55269501,-1.855401052,0
-1.44003684,-8.131128469,0
-8.843219575,-12.64076704,0
3.655214832,-2.059173742,0
-8.506399932,-5.215862989,0
13.15606615,5.065108887,1
-0.339105634,-2.198808371,0
8.434601034,3.503297061,1
1.649777441,1.44197997,1
-12.8771786,-1.035097695,0
-0.718634594,-9.359779586,0
5.553720433,3.636101707,1
-5.901001415,-6.189966499,0
14.25049524,21.66375248,1
5.19967854,-0.239933744,0
6.930091551,0.943730237,1
7.523893636,-3.890810575,0
0.139163554,-9.397848109,0
1.863036028,-3.300137506,0
-9.183275719,-1.689145516,0
-6.454545968,1.661187815,1
-0.940594059,0.998821534,1
6.138394218,-7.305377293,0
-2.748142449,-20.92166465,0
-8.746634547,-14.25243623,0
-1.793547886,7.194602916,1
9.165777233,-3.689545935,0
8.028655232,-4.740916168,0
-20.15787974,-1.339748164,0
-16.61687017,8.093982594,1
-2.177616286,1.493697116,1
-2.865182033,-0.925138239,0
-2.19549244,-0.515187292,0
-0.893937479,0.666738591,1
-6.760450454,-4.164701848,0
-3.371149937,-4.381472121,0
1.72107101,10.61470808,1
-2.390444188,1.577500529,1
-4.968248229,-1.87984012,0
-5.783474715,-1.071436149,0
-6.111192003,1.85081925,1
-2.603926244,-13.6320566,0
2.671801781,-7.197015871,0
-2.208625379,-5.319847629,0
1.602971531,1.756381798,1
-2.00167304,-3.36487334,0
-3.065268544,-1.913146533,0
-1.041828463,-4.378470125,0
2.110522909,-0.442251572,0
-7.065191846,0.73733833,1
-9.292410403,1.280897528,1
-1.149229552,-6.193170038,0
-9.290661317,-2.781636777,0
6.849163119,2.198694424,1
4.098087329,-4.903393924,0
7.939390826,7.228070175,1
4.425092181,-3.680503615,0
-4.22685125,-4.662374219,0
-1.702317066,1.435552841,1
5.477191304,-0.879922379,0
-0.37070987,1.421049079,1
-2.33321364,1.743934503,1
-1.79334495,-5.979523077,0
-4.396270396,1.48209999,1
-4.416969224,4.864753677,1
-5.22339373,0.611350857,1
0.380391255,-0.864337937,0
-6.51234593,-2.881117047,0
0.483392403,0.377995275,1
2.14378384,-0.299240132,0
-2.608542498,0.468755269,1
-3.897892467,0.137620838,1
7.304257198,-3.814567761,0
1.316960973,2.962188535,1
0.385791939,1.604332374,1
-0.334073878,1.272527399,1
-5.039216828,1.342061116,1
-2.064107685,2.022136389,1
0.265083559,0.878086027,1
2.142177964,5.140658509,1
-0.827862281,0.965864779,1
2.705087361,0.900178253,1
-3.165065957,-0.256161117,0
-3.546884214,-10.21962451,0
-11.39049479,-0.223581245,0
-0.921789793,-1.183022474,0
-0.208490607,-0.827025044,0
-3.385149266,3.772823565,1
-3.982014888,0.81332426,1
-1.266803557,-0.813191052,0
-0.970071909,-4.125214686,0
-2.28836917,-1.081592645,0
2.083530369,-0.068338687,0
2.127166773,1.716474048,1
-0.126550126,1.633723276,1
-1.476699351,-0.291063042,0
-4.048207877,-3.313872487,0
0.280081767,2.634919546,1
0.621357549,2.446932977,1
-7.339781511,-6.209416909,0
0.866314694,1.701224603,1
-6.195253778,-3.369479698,0
2.974878083,1.306287171,1
-4.263790739,-7.638816088,0
0.009364585,-2.167908895,0
7.571109104,9.730064197,1
0.486949398,-0.331289208,0
3.572766161,3.783592645,1
-11.86460691,-14.22487223,0
1.176707007,-2.077457795,0
0.344272063,1.598247607,1
-13.26645627,-14.59314861,0
23.06343999,29.5451358,1
6.393155085,5.178448991,1
0.737385646,1.053317779,1
-0.921113026,-1.962448647,0
2.501127836,1.956709957,1
0.063652669,0.713315217,1
8.77635235,11.10623946,1
-0.060001565,1.490453207,1
-4.798439023,-6.38571514,0
-3.203908119,-5.693472635,0
8.182828924,17.72199072,1
-0.091425629,0.431679521,1
6.841138559,11.10665368,1
-3.855674866,-1.212152473,0
-2.935967462,-1.19047619,0
0.300527895,-2.063517227,0
-4.288253819,-6.183397631,0
0.005019783,0.040258807,1
-0.69543314,-4.027135014,0
0.441135925,-0.587037259,0
-0.844542044,-1.901060497,0
-4.225456089,-2.484567427,0
-1.228465719,-0.85978836,0
-2.408962766,2.160170272,1
2.147066026,-6.268851643,0
2.59414922,-1.31373785,0
-0.788802251,-0.631996504,0
4.111646822,1.985858791,1
1.037470364,0.268692364,1
-4.448628282,-4.118834155,0
3.424256264,3.547029191,1
-5.823408776,-0.679773409,0
-4.628970407,4.207206603,1
-6.025932438,-0.560206053,0
-7.377924846,-4.199313605,0
-1.147790186,0.047314881,1
2.317747055,0.249974665,1
-1.198851442,-9.296761802,0
-4.883188219,-2.82710454,0
1.212530414,-1.934472608,0
-10.97540356,-13.03652879,0
-3.147909624,1.017617788,1
-3.353620491,-2.391941067,0
0.280004575,3.100704706,1
5.778696666,-10.09833752,0
-4.109427059,-2.889095993,0
-1.114544571,3.944842913,1
3.028113481,-6.156761747,0
-4.885351067,5.7995029,1
-5.32716017,-0.181088489,0
1.859297476,1.353272861,1
6.923399367,8.70785158,1
-0.88788541,0.551822349,1
2.919718723,1.562292543,1
-5.06597583,-4.87188426,0
5.616697154,4.104443426,1
-19.31324532,-12.12707912,0
1.999181853,17.37105658,1
-3.901452425,-17.47941465,0
-13.39923982,-18.64336677,0
3.577535729,8.44560244,1
11.73068649,16.999707,1
5.577296784,5.043574076,1
1.736290767,10.03194584,1
-2.544980074,-14.46028513,0
1.48730211,9.098277609,1
6.148632701,12.43499257,1
2.100506663,3.948129181,1
-2.048737234,-2.268573699,0
3.56935831,9.984145697,1
-0.251863097,-0.657919054,0
-0.013451243,1.685455966,1
-1.444473486,3.512623491,1
-2.246047284,1.79922234,1
-2.86937406,-4.649466995,0
1.901378078,7.399854334,1
2.357266087,2.699037027,1
1.396830648,8.270602219,1
-0.867643575,-10.62421858,0
-2.899175302,-6.960319356,0
4.476991668,11.20686494,1
0.745729722,6.743610882,1
5.220567941,5.573061477,1
-1.439027145,-1.571370047,0
-0.602866109,0.148645836,1
1.215648358,6.572268234,1
-4.856730314,3.077908693,1
-1.595227062,0.37831703,1
4.222046941,2.140203521,1
-5.170414326,-2.419546137,0
